{"cameraMode":{"drawMode":0,"name":"Shaded","section":"Shading Mode"},"sceneLighting":true,"audioPlay":false,"sceneViewState":{"showFog":true,"showMaterialUpdate":false,"showSkybox":true,"showFlares":true,"showImageEffects":true,"showParticleSystems":true},"in2DMode":false,"pivot":{"x":-0.6947110295295715,"y":8.513628557693664e-8,"z":-0.16560098528862},"rotation":{"x":-0.03295588120818138,"y":-0.9527649283409119,"z":0.2803787589073181,"w":-0.11198832839727402},"size":9.591387748718262,"orthographic":true}