{"cameraMode":{"drawMode":0,"name":"Shaded","section":"Shading Mode"},"sceneLighting":false,"audioPlay":false,"sceneViewState":{"showFog":true,"showMaterialUpdate":false,"showSkybox":false,"showFlares":true,"showImageEffects":true,"showParticleSystems":true},"in2DMode":false,"pivot":{"x":0.0,"y":0.93492591381073,"z":0.2936100959777832},"rotation":{"x":0.033874742686748508,"y":0.9365293383598328,"z":-0.09443938732147217,"w":0.33592668175697329},"size":1.654357671737671,"orthographic":true}